Exclude from JLC?,Comment,Designator,Footprint,LCSC Part #,Extended Part?,Mouser Part #,DigiKey Part #,
YES,Battery_Cell,BT1,Battery:BatteryHolder_MPD_BK912-1x2032,,NO,-,BK-912-ND,
NO,47uF,"C1,C2,C3,C4",Capacitor_SMD:C_1206_3216Metric_Pad1.42x1.75mm_HandSolder,C96123,NO,-,-,
NO,100nF,"C10,C15,C16,C17,C18,C19,C20,C21,C24",Capacitor_SMD:C_0603_1608Metric_Pad1.05x0.95mm_HandSolder,C14663,NO,-,-,
NO,100pF,C11,Capacitor_SMD:C_0603_1608Metric_Pad1.05x0.95mm_HandSolder,C14858,NO,-,-,
NO,22nF,C12,Capacitor_SMD:C_0603_1608Metric_Pad1.05x0.95mm_HandSolder,C21122,NO,-,-,
NO,1uF,C23,Capacitor_SMD:C_0603_1608Metric_Pad1.05x0.95mm_HandSolder,C15849,NO,-,-,
NO,10pF,"C25,C26",Capacitor_SMD:C_0603_1608Metric_Pad1.05x0.95mm_HandSolder,C1634,NO,-,-,
NO,15pF,"C27,C28",Capacitor_SMD:C_0603_1608Metric_Pad1.05x0.95mm_HandSolder,C1644,NO,-,-,
NO,10uF,"C5,C9,C13,C14",Capacitor_SMD:C_0805_2012Metric_Pad1.15x1.40mm_HandSolder,C15850,NO,-,-,
YES,220nF,"C6,C7",Capacitor_SMD:C_1206_3216Metric_Pad1.42x1.75mm_HandSolder,,NO,-,445-6995-1-ND,
NO,10nF,"C8,C22,C29,C30,C31",Capacitor_SMD:C_0603_1608Metric_Pad1.05x0.95mm_HandSolder,C57112,NO,-,-,
YES,RFN1LAM6STR,D1,Personal:SOD128,,NO,755-RFN1LAM6STR,-,
NO,LTST-C190GKT,"D2,D3,D4",LED_SMD:LED_0603_1608Metric_Pad1.05x0.95mm_HandSolder,C72043,NO,-,-,
YES,2.2A,F1,Fuse:Fuse_1812_4532Metric_Pad1.30x3.40mm_HandSolder,,NO,650-MINISMDC110F-2 ,-,
YES,600 @ 80MHz 2.5A,FB1,Inductor_SMD:L_1206_3216Metric_Pad1.42x1.75mm_HandSolder,,NO,710-742792118,-,
YES,USB4085-GF-A,J1,Connector_USB:USB_C_Receptacle_GCT_USB4085,,NO,-,2073-USB4085-GF-ACT-ND,
YES,Conn_ARM_JTAG_SWD_10,J2,Connector_PinHeader_2.54mm:PinHeader_2x05_P2.54mm_Vertical_SMD,,NO,-,609-10129383-910001ALFCT-ND,
YES,DA-2032-AL,L1,Personal:DA2032-AL,,NO,994-DA2032-ALB,-,
YES,NE-2,"NE1,NE2",Personal:NE-2,,NO,-,-,
YES,IRLR3110ZTRPBF,Q2,Package_TO_SOT_SMD:TO-252-2,,NO,755-RD3P08BBDTL ,,Replaced with equivalent
YES,BSR92P,"Q3,Q4",Package_TO_SOT_SMD:SOT-23,,NO,-,BSR92PH6327XTSA1CT-ND,
YES,BSS131B,"Q5,Q6,Q7,Q8",Package_TO_SOT_SMD:SOT-23,,NO,-,BSS131H6327XTSA1CT-ND,
NO,BSS131,"Q9,Q10,Q11,Q12,Q13,Q14,Q15,Q16,Q17,Q18,Q19,Q20,Q21,Q22,Q23,Q24,Q25,Q26,Q27,Q28,Q29,Q30,Q31,Q32,Q33,Q34,Q35,Q36,Q37,Q38,Q39,Q40,Q41,Q42,Q43,Q44,Q45,Q46,Q47,Q48",Package_TO_SOT_SMD:SOT-23,C151498,YES,-,-,
NO,1M,R1,Resistor_SMD:R_1206_3216Metric_Pad1.42x1.75mm_HandSolder,C17927,NO,-,-,
YES,160k,"R11,R12",Resistor_SMD:R_0805_2012Metric_Pad1.15x1.40mm_HandSolder,C17485,YES,-,A126342CT-ND,
YES,100,"R13,R14,R17,R18",Resistor_SMD:R_0603_1608Metric_Pad1.05x0.95mm_HandSolder,,NO,-,A106047CT-ND,
YES,63.4k,R2,Resistor_SMD:R_0603_1608Metric_Pad1.05x0.95mm_HandSolder,C23093,YES,-,A110281CT-ND,
NO,13k,"R21,R22,R23,R24",Resistor_SMD:R_0805_2012Metric_Pad1.15x1.40mm_HandSolder,C17455,NO,-,-,
YES,68k,"R25,R26",Resistor_SMD:R_0805_2012Metric_Pad1.15x1.40mm_HandSolder,,NO,-,A126382CT-ND,
NO,10k,"R3,R4,R8,R19,R20,R28,R29,R30,R31",Resistor_SMD:R_0603_1608Metric_Pad1.05x0.95mm_HandSolder,C25804,NO,-,-,
NO,3.3k,R32,Resistor_SMD:R_0603_1608Metric_Pad1.05x0.95mm_HandSolder,C22978,NO,-,-,
NO,1.2k,"R33,R34",Resistor_SMD:R_0603_1608Metric_Pad1.05x0.95mm_HandSolder,C22765,NO,-,-,
NO,1M,"R35, R36, R37, R38, R39, R40, R41, R42, R43, R44, R45, R46, R47, R48, R49, R50, R51, R52, R53, R54, R55, R56, R57, R58, R59, R60, R61, R62, R63, R64, R65, R66, R67, R68, R69, R70, R71, R72, R73, R74, ",Resistor_SMD:R_0603_1608Metric_Pad1.05x0.95mm_HandSolder,C22935,NO,-,-,
YES,1M,"R15, R16",Resistor_SMD:R_0603_1608Metric_Pad1.05x0.95mm_HandSolder,C22935,NO,-,-,
NO,22,"R5,R27",Resistor_SMD:R_0603_1608Metric_Pad1.05x0.95mm_HandSolder,C23345,NO,-,-,
YES,0.02,R6,Resistor_SMD:R_1206_3216Metric_Pad1.42x1.75mm_HandSolder,C127690,YES,-,A109628CT-ND,
YES,140k,R7,Resistor_SMD:R_0603_1608Metric_Pad1.05x0.95mm_HandSolder,C22875,YES,-,A124703CT-ND,
YES,10k,"R9,R10",Resistor_SMD:R_0805_2012Metric_Pad1.15x1.40mm_HandSolder,,NO,-,A130140CT-ND,
YES,EN11-VSM,SW1,Personal:EN11-VSM1AF20,,NO,-,987-1191-ND,
YES,LT3757AEMSE,U1,Package_SO:MSOP-10-1EP_3x3mm_P0.5mm_EP1.68x1.88mm,,NO,-,LT3757AEMSE#TRPBFCT-ND,
NO,AMS1117-3.3,U2,Package_TO_SOT_SMD:SOT-223-3_TabPin2,C6186,NO,-,-,
NO,74HC595,"U3,U4,U5,U6,U7",Package_SO:SOIC-16_4.55x10.3mm_P1.27mm,C5947,NO,-,-,
YES,STM32F051R4Tx,U8,Package_QFP:LQFP-64_10x10mm_P0.5mm,,NO,-,-,
YES,IN14,"V1,V2,V3,V4",Personal:IN-14,,NO,-,-,
NO,8MHz,Y1,Crystal:Crystal_SMD_5032-4Pin_5.0x3.2mm,C276420,YES,-,-,
NO,32.768kHz,Y2,Crystal:Crystal_SMD_3215-2Pin_3.2x1.5mm,C32346,NO,-,-,
,,,,,,,,
,,,ARM-JTAG-20-10,,,-,1188-1016-ND,
